time,mem_usage,cpu_percent,pids
1790444369,440.7MiB / 2GiB,11.93%,5
1790444371,449MiB / 2GiB,7.75%,5
1790444373,455MiB / 2GiB,0.49%,5
1790444375,465.1MiB / 2GiB,2.80%,5
1790444377,517.6MiB / 2GiB,7.90%,5
1790444379,585.3MiB / 2GiB,40.51%,10
1790444381,624.3MiB / 2GiB,53.68%,5
1790444383,679.3MiB / 2GiB,14.16%,5
1790444385,969.7MiB / 2GiB,8.45%,5
1790444387,1.242GiB / 2GiB,57.97%,5
1790444389,1.242GiB / 2GiB,18.56%,5
1790444391,1.242GiB / 2GiB,8.43%,5
1790444393,1.264GiB / 2GiB,51.19%,5
1790444395,1.265GiB / 2GiB,6.45%,5
1790444397,1.275GiB / 2GiB,66.86%,5
1790444399,1.274GiB / 2GiB,46.98%,5
1790444401,1.275GiB / 2GiB,0.63%,5
1790444403,1.275GiB / 2GiB,47.40%,5
1790444405,1.274GiB / 2GiB,0.63%,5
1790444407,1.304GiB / 2GiB,9.49%,5
1790444409,1.304GiB / 2GiB,10.65%,5
1790444411,1.304GiB / 2GiB,12.04%,5
1790444413,1.311GiB / 2GiB,10.64%,5
1790444415,1.312GiB / 2GiB,0.52%,5
1790444417,1.338GiB / 2GiB,13.18%,5
1790444419,1.341GiB / 2GiB,9.40%,5
1790444421,1.352GiB / 2GiB,10.61%,5
1790444423,1.352GiB / 2GiB,10.04%,5
1790444425,1.352GiB / 2GiB,3.29%,5
1790444427,1.353GiB / 2GiB,9.04%,5
1790444429,1.352GiB / 2GiB,15.51%,5
1790444431,1.352GiB / 2GiB,9.01%,5
1790444433,1.352GiB / 2GiB,11.20%,5
1790444435,1.352GiB / 2GiB,2.01%,5
