1KB	run1	153.68	157371.76	0.063	0.060	0.071	0.106	5.710
1KB	run2	141.78	145178.06	0.069	0.061	0.097	0.137	6.180
1KB	run3	156.30	160055.32	0.062	0.061	0.072	0.103	1.210
1MB	run1	394.07	394.07	24.870	6.780	99.360	279.390	302.690
1MB	run2	631.04	631.04	15.790	7.020	48.530	203.640	209.900
1MB	run3	958.63	958.63	10.340	6.910	51.660	54.910	55.120
10MB	run1	280.09	28.01	345.910	126.330	1295.350	1312.900	1312.900
10MB	run2	285.72	28.57	334.620	111.910	1294.440	1299.810	1299.810
10MB	run3	362.46	36.25	214.390	146.950	541.960	549.680	549.680
50MB	run1	882.93	17.66	248.330	262.490	372.670	372.670	372.670
50MB	run2	315.85	6.32	758.070	1108.060	1400.210	1400.210	1400.210
50MB	run3	278.59	5.57	862.930	1450.510	1613.720	1613.720	1613.720
100B	run1	15.67	164320.89	0.061	0.056	0.090	0.132	2.400
100B	run2	15.80	165724.61	0.060	0.056	0.089	0.102	8.010
100B	run3	15.77	165338.53	0.060	0.056	0.089	0.096	6.250
kafka-1KB	run1	FAILED
kafka-1KB	run2	FAILED
kafka-1KB	run3	FAILED
kafka-1MB	run1	FAILED
kafka-1MB	run2	FAILED
kafka-1MB	run3	FAILED
kafka-10MB	run1	FAILED
kafka-10MB	run2	FAILED
kafka-10MB	run3	FAILED
kafka-50MB	run1	FAILED
kafka-50MB	run2	FAILED
kafka-50MB	run3	FAILED
kafka-100B	run1	FAILED
kafka-100B	run2	FAILED
kafka-100B	run3	FAILED
