1KB	run1	57.65	59031.877214	188.54	206	263	265	266.00
1KB	run2	69.65	71326.676177	112.45	118	153	156	223.00
1KB	run3	66.07	67658.998647	90.08	92	145	148	240.00
1MB	run1	316.86	316.856781	23.37	5	163	204	227.00
1MB	run2	216.54	216.543958	61.57	4	825	853	853.00
1MB	run3	275.48	275.482094	42.45	5	476	502	505.00
10MB	run1	180.38	18.037518	540.40	214	1113	1147	1147.00
10MB	run2	163.67	16.366612	576.82	378	1597	1616	1616.00
10MB	run3	150.29	15.028554	473.14	347	1640	1717	1717.00
50MB	run1	82.58	1.651528	2864.50	3201	4742	4742	4742.00
50MB	run2	61.20	1.223990	2755.50	2952	4316	4316	4316.00
50MB	run3	86.97	1.739433	2640.00	2840	4411	4411	4411.00
100B	run1	15.48	162337.662338	1.36	1	4	6	267.00
100B	run2	16.88	176991.150442	19.95	17	44	46	251.00
100B	run3	15.82	165837.479270	91.39	110	124	126	224.00
