1KB	run1	64.50	66050.198151	108.92	114	146	148	206.00
1KB	run2	67.82	69444.444444	204.62	220	273	277	278.00
1KB	run3	76.77	78616.352201	87.80	80	147	150	208.00
1MB	run1	383.73	383.729854	11.26	4	50	58	211.00
1MB	run2	99.98	99.980004	251.05	8	3534	3682	3686.00
1MB	run3	402.25	402.252615	12.95	4	50	57	202.00
10KB	run1	126.89	12993.762994	123.61	67	639	768	773.00
10KB	run2	108.60	11120.996441	142.21	87	308	966	1027.00
10KB	run3	135.26	13850.415512	92.12	38	226	1311	1324.00
10MB	run1	78.37	7.836991	1615.92	380	3979	5047	5047.00
10MB	run2	110.72	11.071745	583.94	264	3142	3173	3173.00
10MB	run3	77.92	7.791803	1725.96	2286	4236	5007	5007.00
50KB	run1	181.38	3714.710253	97.91	19	1174	1185	1188.00
50KB	run2	198.65	4068.348251	83.81	30	705	752	778.00
50KB	run3	194.84	3990.422985	110.72	32	1040	1056	1062.00
100KB	run1	135.26	1385.041551	170.33	68	1552	1623	1641.00
100KB	run2	76.80	786.410821	365.62	38	2980	3462	3465.00
100KB	run3	189.55	1940.993789	92.67	13	622	657	665.00
250KB	run1	128.02	524.383849	167.66	45	725	1154	1157.00
250KB	run2	75.29	308.404009	373.59	33	3120	3263	3410.00
250KB	run3	73.94	302.846760	379.74	36	3501	3548	3561.00
500KB	run1	214.35	438.981563	80.16	2	1050	1069	1075.00
500KB	run2	94.48	193.498452	259.22	46	1543	1662	1698.00
500KB	run3	78.43	160.616768	350.57	48	1922	2587	2596.00
