1KB	run1	171.00	175105.66	0.057	0.056	0.065	0.093	0.618
1KB	run2	170.65	174750.43	0.057	0.056	0.066	0.093	0.905
1KB	run3	169.15	173212.87	0.058	0.057	0.066	0.099	1.340
1MB	run1	35.81	35.81	278.820	50.020	1496.450	4927.380	4955.140
1MB	run2	99.45	99.45	100.510	14.520	100.050	1942.110	1973.330
1MB	run3	110.32	110.32	90.590	6.480	54.210	3891.700	3894.130
10KB	run1	616.15	63093.79	0.158	0.092	0.132	0.272	43.340
10KB	run2	287.18	29406.83	0.340	0.091	0.159	0.410	872.120
10KB	run3	321.97	32970.22	0.303	0.094	0.168	0.277	611.120
10MB	run1	33.59	3.36	2966.520	2654.010	7147.980	7338.370	7338.370
10MB	run2	53.41	5.34	1524.460	1131.450	3316.670	3319.840	3319.840
10MB	run3	66.00	6.60	1287.410	120.230	6748.180	7095.800	7095.800
50KB	run1	1175.99	24084.30	0.415	0.264	0.345	0.403	49.290
50KB	run2	188.59	3862.40	2.590	0.276	0.793	1.100	2082.540
50KB	run3	68.10	1394.65	7.170	0.701	1.080	11.730	3355.060
100KB	run1	164.03	1679.66	5.950	0.448	0.593	11.520	2460.530
100KB	run2	1249.92	12799.21	0.780	0.455	0.560	1.400	52.110
100KB	run3	42.70	437.21	22.870	0.450	0.551	10.590	11053.010
250KB	run1	58.90	241.27	41.440	1.220	14.980	2047.830	5109.500
250KB	run2	1249.65	5118.57	1.950	1.080	1.310	48.200	50.130
250KB	run3	35.60	145.82	68.570	1.170	15.430	1588.570	11434.410
500KB	run1	43.40	88.87	112.430	2.470	52.100	9968.510	10012.450
500KB	run2	50.65	103.73	96.130	27.230	635.020	2120.370	2130.480
500KB	run3	1027.87	2105.08	4.740	2.540	22.660	53.580	53.930
