1KB	run1	57.18	58548.009368	205.07	241	252	253	254.00
1KB	run2	72.88	74626.865672	154.69	175	195	196	208.00
1KB	run3	56.19	57537.399310	257.36	281	329	333	334.00
1MB	run1	364.43	364.431487	4.85	4	7	10	208.00
1MB	run2	385.51	385.505012	8.94	4	36	39	221.00
1MB	run3	238.89	238.891543	20.53	11	65	70	228.00
10KB	run1	177.69	18195.050946	93.36	66	225	321	344.00
10KB	run2	145.19	14867.677669	118.53	85	233	338	350.00
10KB	run3	91.99	9419.743783	191.96	181	355	397	406.00
10MB	run1	301.93	30.193237	282.08	305	365	365	365.00
10MB	run2	295.51	29.550827	157.60	172	243	245	245.00
10MB	run3	289.18	28.918450	271.62	286	354	363	363.00
50KB	run1	223.67	4580.852038	37.12	1	157	186	218.00
50KB	run2	276.49	5662.514156	58.74	12	180	216	221.00
50KB	run3	257.40	5271.481286	69.16	83	115	122	208.00
100KB	run1	325.09	3328.894807	11.88	1	61	67	220.00
100KB	run2	331.71	3396.739130	42.40	38	105	116	205.00
100KB	run3	356.67	3652.300950	9.69	1	44	50	202.00
250KB	run1	367.68	1506.024096	24.22	1	80	83	245.00
250KB	run2	259.45	1062.699256	2.65	2	5	10	213.00
250KB	run3	377.34	1545.595054	7.43	1	37	48	210.00
500KB	run1	321.87	659.195781	4.88	2	17	25	216.00
500KB	run2	340.98	698.324022	3.00	2	7	11	449.00
500KB	run3	399.58	818.330606	5.17	2	19	26	200.00
