1KB	run1	144.94	148420.92	0.067	0.064	0.084	0.128	1.850
1KB	run2	149.36	152944.70	0.065	0.063	0.079	0.122	1.190
1KB	run3	133.23	136430.75	0.073	0.064	0.097	0.142	6.500
1MB	run1	882.15	882.15	11.290	8.270	48.680	57.620	58.160
1MB	run2	308.18	308.18	32.400	6.570	47.460	1047.370	1091.210
1MB	run3	243.34	243.34	40.810	7.810	57.550	1361.890	1363.370
10MB	run1	682.97	68.30	130.130	126.590	200.270	201.110	201.110
10MB	run2	186.39	18.64	485.780	135.880	2158.290	2166.980	2166.980
10MB	run3	377.60	37.76	250.080	131.710	798.170	799.100	799.100
50MB	run1	304.44	6.09	685.240	440.090	1321.480	1321.480	1321.480
50MB	run2	387.64	7.75	538.250	433.440	946.000	946.000	946.000
50MB	run3	286.07	5.72	534.500	403.780	1291.450	1291.450	1291.450
100B	run1	16.48	172834.24	0.058	0.057	0.065	0.080	0.643
100B	run2	13.80	144663.00	0.069	0.059	0.108	0.185	13.240
100B	run3	14.61	153167.54	0.065	0.059	0.092	0.106	10.660
