1KB	run1	120.27	123159.51	0.081	0.057	0.099	0.147	16.280
1KB	run2	163.40	167322.50	0.060	0.056	0.063	0.111	1.930
1KB	run3	165.59	169569.13	0.059	0.056	0.063	0.098	1.990
1MB	run1	87.29	87.29	114.270	101.230	332.450	491.390	685.970
1MB	run2	114.12	114.12	86.620	57.640	248.930	307.220	422.050
1MB	run3	74.53	74.53	133.950	124.710	312.460	458.130	493.780
10KB	run1	387.30	39659.52	0.250	0.092	0.170	7.940	26.540
10KB	run2	545.57	55865.95	0.178	0.091	0.140	2.350	14.730
10KB	run3	540.23	55319.22	0.179	0.090	0.142	5.930	11.750
10MB	run1	94.39	9.44	1035.210	1204.010	1785.290	1901.420	1901.420
10MB	run2	111.76	11.18	774.400	854.390	1095.690	1190.990	1190.990
10MB	run3	146.80	14.68	644.680	628.420	1110.640	1254.880	1254.880
50KB	run1	725.25	14853.07	0.667	0.212	4.940	10.060	12.600
50KB	run2	700.88	14353.99	0.690	0.210	6.680	9.000	11.560
50KB	run3	743.75	15232.09	0.655	0.218	4.710	9.300	18.390
100KB	run1	771.07	7895.74	1.250	0.375	8.510	11.790	15.100
100KB	run2	715.71	7328.86	1.350	0.377	8.640	10.630	12.030
100KB	run3	772.37	7909.12	1.240	0.387	8.380	9.950	16.730
250KB	run1	723.39	2963.02	3.360	1.020	10.150	15.330	23.920
250KB	run2	612.77	2509.90	3.970	1.060	13.810	16.130	45.300
250KB	run3	419.26	1717.29	5.780	1.490	18.420	23.000	24.590
500KB	run1	194.46	398.25	25.060	14.660	135.100	306.350	307.930
500KB	run2	81.90	167.73	59.570	21.160	166.750	347.890	351.160
500KB	run3	85.98	176.09	56.700	14.790	209.370	469.710	471.720
