1KB	run1	61.26	62735.257215	235.98	256	316	318	320.00
1KB	run2	74.09	75872.534143	15.82	14	34	36	214.00
1KB	run3	70.97	72674.418605	122.94	132	166	168	204.00
1MB	run1	110.77	110.766504	259.96	234	587	687	713.00
1MB	run2	230.41	230.414747	93.42	76	330	517	520.00
1MB	run3	253.16	253.164557	97.37	79	241	293	294.00
10KB	run1	123.99	12696.800406	118.17	103	203	248	271.00
10KB	run2	189.26	19379.844961	51.54	30	152	161	219.00
10KB	run3	195.78	20048.115477	43.77	9	142	219	226.00
10MB	run1	100.50	10.050251	1458.84	1470	2763	2770	2770.00
10MB	run2	86.72	8.671523	1943.62	2240	3249	3370	3370.00
10MB	run3	233.75	23.375409	454.12	463	765	790	790.00
50KB	run1	254.05	5202.913632	9.87	5	40	51	220.00
50KB	run2	128.26	2626.740215	57.34	40	289	299	311.00
50KB	run3	241.72	4950.495050	46.21	39	120	131	208.00
100KB	run1	154.72	1584.283904	171.77	91	523	539	541.00
100KB	run2	113.16	1158.748552	235.01	164	574	640	646.00
100KB	run3	201.27	2061.005771	127.94	111	246	259	297.00
250KB	run1	155.36	636.334712	175.33	113	537	656	659.00
250KB	run2	244.14	1000.000000	98.69	78	353	486	489.00
250KB	run3	183.77	752.728641	132.08	83	406	438	476.00
500KB	run1	156.80	321.130379	162.62	83	451	655	657.00
500KB	run2	121.25	248.323814	231.07	174	620	746	749.00
500KB	run3	112.82	231.053604	246.75	184	604	730	734.00
