1KB	run1	64.93	66489.361702	162.98	186	203	207	244.00
1KB	run2	67.72	69348.127601	174.17	201	251	254	254.00
1KB	run3	84.77	86805.555556	40.75	44	78	85	210.00
1MB	run1	376.79	376.789751	6.04	4	12	19	199.00
1MB	run2	346.26	346.260388	45.30	52	76	81	227.00
1MB	run3	304.88	304.878049	61.24	73	89	98	211.00
10KB	run1	158.38	16217.969510	108.92	107	175	258	280.00
10KB	run2	166.48	17047.391749	83.97	78	228	269	282.00
10KB	run3	160.51	16436.554898	101.76	107	158	175	220.00
10MB	run1	94.20	9.419744	1875.76	2528	3228	3560	3560.00
10MB	run2	203.83	20.383204	734.94	784	987	1006	1006.00
10MB	run3	228.94	22.893773	304.20	292	605	631	631.00
50KB	run1	215.48	4413.062665	111.71	111	157	169	218.00
50KB	run2	210.56	4312.203536	116.50	117	163	194	216.00
50KB	run3	223.67	4580.852038	89.66	94	155	178	237.00
100KB	run1	245.99	2518.891688	101.67	102	124	133	208.00
100KB	run2	135.75	1390.047262	61.74	16	217	228	234.00
100KB	run3	293.79	3008.423586	58.53	53	103	107	206.00
250KB	run1	381.17	1561.280250	10.92	5	37	45	200.00
250KB	run2	380.58	1558.846454	4.00	3	10	14	208.00
250KB	run3	341.22	1397.624039	2.59	1	8	19	218.00
500KB	run1	191.03	391.236307	11.38	5	52	57	232.00
500KB	run2	399.58	818.330606	3.21	2	6	9	205.00
500KB	run3	379.99	778.210117	4.68	3	13	41	211.00
