1KB	run1	168.05	172084.37	0.058	0.056	0.065	0.096	1.450
1KB	run2	169.06	173118.91	0.058	0.056	0.065	0.099	1.240
1KB	run3	165.73	169710.54	0.059	0.056	0.065	0.099	1.520
1MB	run1	300.94	300.94	33.180	15.360	134.250	204.130	205.030
1MB	run2	267.03	267.03	37.400	32.260	92.790	200.880	202.200
1MB	run3	283.71	283.71	35.200	9.840	175.960	191.600	193.590
10KB	run1	683.72	70013.18	0.142	0.094	0.153	1.500	8.100
10KB	run2	718.88	73613.25	0.135	0.093	0.132	1.330	7.840
10KB	run3	803.21	82248.73	0.121	0.092	0.125	0.816	7.990
10MB	run1	296.62	29.66	306.760	322.610	417.110	475.740	475.740
10MB	run2	282.18	28.22	324.880	341.850	382.250	386.850	386.850
10MB	run3	286.03	28.60	321.750	336.680	427.000	474.000	474.000
50KB	run1	966.81	19800.26	0.502	0.246	3.040	5.360	8.080
50KB	run2	949.11	19437.75	0.511	0.283	2.950	4.640	7.780
50KB	run3	904.25	18519.10	0.533	0.280	3.160	5.130	8.610
100KB	run1	1073.21	10989.69	0.904	0.477	4.420	5.130	11.240
100KB	run2	986.84	10105.28	0.984	0.476	4.510	7.330	8.130
100KB	run3	1010.89	10351.48	0.960	0.492	4.360	6.440	9.980
250KB	run1	1071.05	4387.00	2.270	1.250	5.830	8.840	12.080
250KB	run2	1009.82	4136.22	2.410	1.210	6.020	9.100	32.770
250KB	run3	1040.97	4263.83	2.340	1.230	5.960	10.640	11.670
500KB	run1	1000.16	2048.33	4.860	3.960	9.850	13.940	19.530
500KB	run2	1105.84	2264.75	4.400	3.590	7.990	13.380	13.720
500KB	run3	1027.85	2105.03	4.730	3.960	9.110	13.440	13.690
